40a3fccf487141d1587a46c25ff2388a224279b1cb8567ae36aeabcee39cc3ee	424	644	RADIOLARIA_GATE3_G38_OWNER_LANDING_RETURN_20260922T144749Z/G37R_INPUT_VERIFICATION.json
4f17ed2962a10db255abb7812386b7218e900fe82c91c95e2a22bb2b29a864c0	1034	644	RADIOLARIA_GATE3_G38_OWNER_LANDING_RETURN_20260922T144749Z/OWNER_PREFLIGHT.json
42aa3c8061af08f26dabad045ee7797f6d9410ac4140dc5667e6ab1a81b8029b	397	644	RADIOLARIA_GATE3_G38_OWNER_LANDING_RETURN_20260922T144749Z/PACKAGE_METADATA.json
c396f7be0d4fabde48e92090657a1b474044e116978f24c710f089c0a65f8109	1777	644	RADIOLARIA_GATE3_G38_OWNER_LANDING_RETURN_20260922T144749Z/commands/0001_verify_instruction_kit/argv.json
4161ea955bf373daeb95d3242c451a9dd1dba2a9dd6c6a1cc43fa6bd03e35f5c	105	644	RADIOLARIA_GATE3_G38_OWNER_LANDING_RETURN_20260922T144749Z/commands/0001_verify_instruction_kit/heartbeats.jsonl
1e05a5fc5a693668695f6fbd35477774c711469817899bc5a0b7f787899ed68a	193	644	RADIOLARIA_GATE3_G38_OWNER_LANDING_RETURN_20260922T144749Z/commands/0001_verify_instruction_kit/phases.jsonl
95d57854c68a1e0cdfdfb7412a254ca13186bfdffdbb90424d8e0f8296414672	1510	644	RADIOLARIA_GATE3_G38_OWNER_LANDING_RETURN_20260922T144749Z/commands/0001_verify_instruction_kit/receipt.json
56eb27cb315174c879381c5c69cb6f9e31acd7cd3beb5b2714ca077fd0588529	599	644	RADIOLARIA_GATE3_G38_OWNER_LANDING_RETURN_20260922T144749Z/commands/0001_verify_instruction_kit/started.json
e3b0c44298fc1c149afbf4c8996fb92427ae41e4649b934ca495991b7852b855	0	644	RADIOLARIA_GATE3_G38_OWNER_LANDING_RETURN_20260922T144749Z/commands/0001_verify_instruction_kit/stderr.raw
f7e90e4b73ec9cd69e875bcb662c0d1c28c61ec05085424b377ebf06be72ce6d	1131	644	RADIOLARIA_GATE3_G38_OWNER_LANDING_RETURN_20260922T144749Z/commands/0001_verify_instruction_kit/stdout.raw
95917d5e09a234322c98ba303506cc2c1453f194ab0c7059a4cc9e5826b2f702	2218	644	RADIOLARIA_GATE3_G38_OWNER_LANDING_RETURN_20260922T144749Z/commands/0002_verify_and_extract_g37r_return/argv.json
91c0730164b78352b9c533597f3592e98fa84fce42774dcf20a086c3c7adc5b8	105	644	RADIOLARIA_GATE3_G38_OWNER_LANDING_RETURN_20260922T144749Z/commands/0002_verify_and_extract_g37r_return/heartbeats.jsonl
0bbbe105b234227c1a5f5a48a88be83dfe56abaf5413a781d9e661489ca46a51	209	644	RADIOLARIA_GATE3_G38_OWNER_LANDING_RETURN_20260922T144749Z/commands/0002_verify_and_extract_g37r_return/phases.jsonl
2e9baec603dcbc6765d231d92cb8bb5bf0348360ddd650502da56a7a7739af05	1950	644	RADIOLARIA_GATE3_G38_OWNER_LANDING_RETURN_20260922T144749Z/commands/0002_verify_and_extract_g37r_return/receipt.json
76ce10e5453283ae204ad2106554c487869ee159ff49446a62300f5a51cb9b63	1011	644	RADIOLARIA_GATE3_G38_OWNER_LANDING_RETURN_20260922T144749Z/commands/0002_verify_and_extract_g37r_return/started.json
e3b0c44298fc1c149afbf4c8996fb92427ae41e4649b934ca495991b7852b855	0	644	RADIOLARIA_GATE3_G38_OWNER_LANDING_RETURN_20260922T144749Z/commands/0002_verify_and_extract_g37r_return/stderr.raw
8a04ebb1b63cc5c7f01e5410c0ca8f36b5cae3ecb4c2f1d8c3cf81fec376b8b8	404	644	RADIOLARIA_GATE3_G38_OWNER_LANDING_RETURN_20260922T144749Z/commands/0002_verify_and_extract_g37r_return/stdout.raw
1fcd3a9875bf6af669bfbeb5eb947fffc1fc4486a7674979bff1fc359f5952fd	2888	644	RADIOLARIA_GATE3_G38_OWNER_LANDING_RETURN_20260922T144749Z/commands/0003_owner_and_remote_preflight/argv.json
5f273810a4efca60f406385890ea6f8f78e7db7236f47649684e784954e69c98	105	644	RADIOLARIA_GATE3_G38_OWNER_LANDING_RETURN_20260922T144749Z/commands/0003_owner_and_remote_preflight/heartbeats.jsonl
39bb916308f2e748cde14ecd327da085007897be3fb6591fe8a5b9a219a25124	201	644	RADIOLARIA_GATE3_G38_OWNER_LANDING_RETURN_20260922T144749Z/commands/0003_owner_and_remote_preflight/phases.jsonl
9d2273def32f25e8456a0e8b356a287963f813f1dcec8448376b922f35a9e1ff	2572	644	RADIOLARIA_GATE3_G38_OWNER_LANDING_RETURN_20260922T144749Z/commands/0003_owner_and_remote_preflight/receipt.json
8986852930d15fd603fb445cd0ca5eaf283a704e9bc4d6fe11503653e27c2949	1052	644	RADIOLARIA_GATE3_G38_OWNER_LANDING_RETURN_20260922T144749Z/commands/0003_owner_and_remote_preflight/started.json
e3b0c44298fc1c149afbf4c8996fb92427ae41e4649b934ca495991b7852b855	0	644	RADIOLARIA_GATE3_G38_OWNER_LANDING_RETURN_20260922T144749Z/commands/0003_owner_and_remote_preflight/stderr.raw
e600f7df9bde88b1d9597577259d309052c15a331ea892c13e4c24c2ca415444	896	644	RADIOLARIA_GATE3_G38_OWNER_LANDING_RETURN_20260922T144749Z/commands/0003_owner_and_remote_preflight/stdout.raw
b69741fc63f935358db28d7266e5e64bb1b4608e1a6b069121077679ef602c65	2769	644	RADIOLARIA_GATE3_G38_OWNER_LANDING_RETURN_20260922T144749Z/commands/0004_real_owner_landing_commit_push/argv.json
77e89afd3c3bf814615aea2dc2732940b76cff5a0dc6428ee77d2c6d7e30a7f0	15809	644	RADIOLARIA_GATE3_G38_OWNER_LANDING_RETURN_20260922T144749Z/commands/0004_real_owner_landing_commit_push/heartbeats.jsonl
3ef831758ccc0a0c1eb6fe4e086fc0a5948e33061e99920b9acbbeef3cfa3e8d	209	644	RADIOLARIA_GATE3_G38_OWNER_LANDING_RETURN_20260922T144749Z/commands/0004_real_owner_landing_commit_push/phases.jsonl
df182f1292015806351f805a0d2ac5140a2ceaf8f9b32bedeee5a12afc916325	2455	644	RADIOLARIA_GATE3_G38_OWNER_LANDING_RETURN_20260922T144749Z/commands/0004_real_owner_landing_commit_push/receipt.json
a4e79d876c338da99be495eb18a6ff749367f6dc5c3c75c2fd1e9ca4bfbbbddb	945	644	RADIOLARIA_GATE3_G38_OWNER_LANDING_RETURN_20260922T144749Z/commands/0004_real_owner_landing_commit_push/started.json
e3b0c44298fc1c149afbf4c8996fb92427ae41e4649b934ca495991b7852b855	0	644	RADIOLARIA_GATE3_G38_OWNER_LANDING_RETURN_20260922T144749Z/commands/0004_real_owner_landing_commit_push/stderr.raw
8981c661fb49cf658a58ece69e930b6d97393e8ac852e4227383052811941efb	237	644	RADIOLARIA_GATE3_G38_OWNER_LANDING_RETURN_20260922T144749Z/commands/0004_real_owner_landing_commit_push/stdout.raw
71594ae74d0e039551f48c26eede7350c5ca9a7a8f1f3f9bc6283c17be4309d3	3061	644	RADIOLARIA_GATE3_G38_OWNER_LANDING_RETURN_20260922T144749Z/commands/0005_final_owner_and_remote_readback/argv.json
4c81cc0b24c588714fe067fb7af29ace3dc5a7a5a59ce52b09ec0ef44c711aa7	105	644	RADIOLARIA_GATE3_G38_OWNER_LANDING_RETURN_20260922T144749Z/commands/0005_final_owner_and_remote_readback/heartbeats.jsonl
075e64690a9083d8d3cf91d68679a817e9afc08cdf37a6c2b9f0e1a01aabb210	211	644	RADIOLARIA_GATE3_G38_OWNER_LANDING_RETURN_20260922T144749Z/commands/0005_final_owner_and_remote_readback/phases.jsonl
05974b38b768954cbd4e913d0b0873cceebf3bd625ba0fbf7d107a535ed363c4	2744	644	RADIOLARIA_GATE3_G38_OWNER_LANDING_RETURN_20260922T144749Z/commands/0005_final_owner_and_remote_readback/receipt.json
52f4e62c3c3bfebf5deb8663170afa76cfb2715caf47c05324731c93ff282462	1255	644	RADIOLARIA_GATE3_G38_OWNER_LANDING_RETURN_20260922T144749Z/commands/0005_final_owner_and_remote_readback/started.json
e3b0c44298fc1c149afbf4c8996fb92427ae41e4649b934ca495991b7852b855	0	644	RADIOLARIA_GATE3_G38_OWNER_LANDING_RETURN_20260922T144749Z/commands/0005_final_owner_and_remote_readback/stderr.raw
c5c594fcfcce00969040693010abc87436d17cf2aa0cc676adce3027b1c7ecd5	882	644	RADIOLARIA_GATE3_G38_OWNER_LANDING_RETURN_20260922T144749Z/commands/0005_final_owner_and_remote_readback/stdout.raw
9c7efc06f70d450b80106c0079b81ce886abf191e1251b4108e59aacfbabff5c	2077	644	RADIOLARIA_GATE3_G38_OWNER_LANDING_RETURN_20260922T144749Z/commands/0006_final_preservation/argv.json
da374ce872f6d0c7eef4f4a36ecf30ea1ebc8a98ec2ba7b2c66837b2e045d246	105	644	RADIOLARIA_GATE3_G38_OWNER_LANDING_RETURN_20260922T144749Z/commands/0006_final_preservation/heartbeats.jsonl
a5f6d9767007eaf92ab5f8daa718c8d5855db6bda3118ef6bb8cce6c4ef89622	185	644	RADIOLARIA_GATE3_G38_OWNER_LANDING_RETURN_20260922T144749Z/commands/0006_final_preservation/phases.jsonl
b2a9ec1a44d7da81414c79aae362ff0b756278786328cad35b1189f7d61bb59d	1762	644	RADIOLARIA_GATE3_G38_OWNER_LANDING_RETURN_20260922T144749Z/commands/0006_final_preservation/receipt.json
1c87557aef50b2a39bb609199264c9650933f81c6c7e2cc232b851aa6b46fb7e	627	644	RADIOLARIA_GATE3_G38_OWNER_LANDING_RETURN_20260922T144749Z/commands/0006_final_preservation/started.json
e3b0c44298fc1c149afbf4c8996fb92427ae41e4649b934ca495991b7852b855	0	644	RADIOLARIA_GATE3_G38_OWNER_LANDING_RETURN_20260922T144749Z/commands/0006_final_preservation/stderr.raw
344bed20cf50b500d01b51338726d526a75151466f4cf6f765aa19952d233531	1915	644	RADIOLARIA_GATE3_G38_OWNER_LANDING_RETURN_20260922T144749Z/commands/0006_final_preservation/stdout.raw
6dff3a99f772edbc3888daa217788192edfd9efc64012862897e5bd25c932daa	1348	644	RADIOLARIA_GATE3_G38_OWNER_LANDING_RETURN_20260922T144749Z/final/COMMAND_RESULTS.json
68a95f4ba5d291113aea6e769ea5c263e4a1bf76433afe51bdbb4f48c570180d	2656	644	RADIOLARIA_GATE3_G38_OWNER_LANDING_RETURN_20260922T144749Z/final/FINAL_CHANGED_PATHS.tsv
c1e0b4e2f0b418a28795a6b99c5ca0ddef40d6ccf99498c218998e228226e91a	956	644	RADIOLARIA_GATE3_G38_OWNER_LANDING_RETURN_20260922T144749Z/final/FINAL_OWNER_READBACK.json
9548649ef13745eccb6df352e050ee7492d914d5ae9f81cb1c8765b024d9f9a4	2159	644	RADIOLARIA_GATE3_G38_OWNER_LANDING_RETURN_20260922T144749Z/final/FINAL_PRESERVATION.json
80b0c40526227d5b1a5e3435886dc3ef937b1aad703b731e83385eba0fa85935	3954	644	RADIOLARIA_GATE3_G38_OWNER_LANDING_RETURN_20260922T144749Z/final/FINAL_REPORT.md
fc59fa484066c1f580920ca1a2c9e75ec628895724f7a7d40d0637a2c98ae4b5	16219	644	RADIOLARIA_GATE3_G38_OWNER_LANDING_RETURN_20260922T144749Z/final/FINAL_SOURCE_LEDGER.json
facd201837a03003f67a71aafbf3d6890ef17bc08ac26cdb7167d09b6ffa03d4	1014	644	RADIOLARIA_GATE3_G38_OWNER_LANDING_RETURN_20260922T144749Z/final/INPUT_AND_EXECUTION_PINS.json
d020b0c8b0beb28c1abac5ddb10fcd0f481bdadaf7698518830fa9c22fd4a2a4	1818	644	RADIOLARIA_GATE3_G38_OWNER_LANDING_RETURN_20260922T144749Z/final/PROCESS_AND_COMMAND_FINALITY.json
a315ded3c45b858006ce8ae51e3b214fb5021c3e8d787641fee04b1bbe41c7a4	389	644	RADIOLARIA_GATE3_G38_OWNER_LANDING_RETURN_20260922T144749Z/final/README.md
032701eb4d747d4ddc1415a54a36658ad527ef042327a85107eb077295d2fb2b	1685	644	RADIOLARIA_GATE3_G38_OWNER_LANDING_RETURN_20260922T144749Z/final/RECOVERY_STATUS.json
ba7265e39eb9ecf0556d89fda730ef621f55fc3775e32f6940eb0fd29d727d14	7581	644	RADIOLARIA_GATE3_G38_OWNER_LANDING_RETURN_20260922T144749Z/final/UPDATED_ACCEPTANCE_MAP.md
5b489971f4b3673e6c9858b674a136ab4540906907a4e26a91c28650dfce5285	4477	644	RADIOLARIA_GATE3_G38_OWNER_LANDING_RETURN_20260922T144749Z/helpers/capture_preflight_v01.py
f9f1fe95059ec4118b7d7d2da2d0c15e15367ecc4d02ad9a7435ae48461a4c54	3951	644	RADIOLARIA_GATE3_G38_OWNER_LANDING_RETURN_20260922T144749Z/helpers/extract_verified_return_v01.py
243e6bf9547a2ff609640b7a88061129cfd4b0f66771c4b459680182041befd5	4860	644	RADIOLARIA_GATE3_G38_OWNER_LANDING_RETURN_20260922T144749Z/helpers/final_preservation_v01.py
19f16f68c239dde46de2f30a2432c1be5bc432c5352aa6fb200ad025fd0be10d	8888	644	RADIOLARIA_GATE3_G38_OWNER_LANDING_RETURN_20260922T144749Z/helpers/package_return_v01.py
ad1e5b9c16ef4a363a6b6911564066c772256049d89d5b47c7cfef8ea324d2eb	4421	644	RADIOLARIA_GATE3_G38_OWNER_LANDING_RETURN_20260922T144749Z/helpers/run_command_v01.py
04e152ee9d7b6988a321b93741b20dccde3d0899346c51a8b2f3d6afa945c7df	8906	644	RADIOLARIA_GATE3_G38_OWNER_LANDING_RETURN_20260922T144749Z/helpers/verify_final_owner_v01.py
1467970919aa629a9f579908dfef12d0c3af8f49d161c734fe4b053458ec0ad8	1860	644	RADIOLARIA_GATE3_G38_OWNER_LANDING_RETURN_20260922T144749Z/helpers/verify_kit_v01.py
2ad2dc566c5d5da737bf8e8ead3ad81006a1e3b0761163e468d6fc1fd502816e	2362	644	RADIOLARIA_GATE3_G38_OWNER_LANDING_RETURN_20260922T144749Z/historical_recovery/local_recovered/verify_g37r_archive.py
c1fc683f3be28ffc3eb664dbf738aa1f4b6532a136ae74002ac80b26ad52643a	1286	644	RADIOLARIA_GATE3_G38_OWNER_LANDING_RETURN_20260922T144749Z/inherited_g37r/COST_INTERPRETATION.md
c7e096971a462a94b4dffc2d5163e230285c54f223f4b5ace82738e66449b4c6	16475	644	RADIOLARIA_GATE3_G38_OWNER_LANDING_RETURN_20260922T144749Z/inherited_g37r/FINAL_SOURCE_LEDGER.json
655f3e5b5727f1a0c56c5e37b853fd21135afcfc85cfa0943bd61a4ad213dd06	2948	644	RADIOLARIA_GATE3_G38_OWNER_LANDING_RETURN_20260922T144749Z/inherited_g37r/G37R_FOCUSED_TEST_PHASES.jsonl
9f00e17f109bdee988b02b5befdac22ced6584ad968d0551f8849ef478726134	6672	644	RADIOLARIA_GATE3_G38_OWNER_LANDING_RETURN_20260922T144749Z/inherited_g37r/G37_COVERAGE_AND_DOD_MAP.md
2b21bc1a0e16b0d3944790cca4f108c204cde502bae7883e3b9869573bf66cc8	2167	644	RADIOLARIA_GATE3_G38_OWNER_LANDING_RETURN_20260922T144749Z/inherited_g37r/G37_SUPPLIED_VALIDATION_RESULT.json
9f461809974c339cd652103446c4f1b33bef25a07c736df44cfbf51bb61e8886	3230	644	RADIOLARIA_GATE3_G38_OWNER_LANDING_RETURN_20260922T144749Z/inherited_g37r/HISTORICAL_HELPER_CUSTODY.json
065ac47816d738d3d5e95e3fe6eb757743bed4fe10ff390160a1fa8e1d4be1e0	1389	644	RADIOLARIA_GATE3_G38_OWNER_LANDING_RETURN_20260922T144749Z/inherited_g37r/RECORDED_AND_FRESH_COVERAGE.md
b8dbb1548c104678a3c68ff8fd4aa4b9c58f8f813e4de5c0375e8607a0dab1cb	1145	644	RADIOLARIA_GATE3_G38_OWNER_LANDING_RETURN_20260922T144749Z/inherited_g37r/SOURCE_IMPACT_BRIDGE.json
c8d61654df486d22899f982fc531d3579a2118ffb258b0188fb887e2d79a6220	2762	644	RADIOLARIA_GATE3_G38_OWNER_LANDING_RETURN_20260922T144749Z/input_kit/INDEPENDENT_REVIEW.md
cdd1ce6b784e3018fca3195a069f1b79b6d6132e76810867b3a10f7c973d2d72	1455	644	RADIOLARIA_GATE3_G38_OWNER_LANDING_RETURN_20260922T144749Z/input_kit/MANIFEST.json
e514493a78e55f53ed0aba26e45a9c448a8745d4a87ac8ffc7d3bf767390e943	9379	644	RADIOLARIA_GATE3_G38_OWNER_LANDING_RETURN_20260922T144749Z/input_kit/PROMPT.txt
bca15208ae5148e59916b0df57b035a4403a729eaad75c6cc5e22696b03d0401	321	644	RADIOLARIA_GATE3_G38_OWNER_LANDING_RETURN_20260922T144749Z/input_kit/README.txt
7d9cf08420d51db4179059ca73d9213c9fbfe5ebbe43b6091380d72522b6a128	2192	644	RADIOLARIA_GATE3_G38_OWNER_LANDING_RETURN_20260922T144749Z/input_kit/RECOVERY_INVENTORY.json
6694795764b75ea74a8beb0dbbbf39cdcd9c3925ffda198ca49e4823d6c7fc19	1341	644	RADIOLARIA_GATE3_G38_OWNER_LANDING_RETURN_20260922T144749Z/input_kit/VERIFICATION.json
b9532eaa0de0cb72608a50d922f70f0321c3d35301deb14b457e72d9b9b7e225	7549	644	RADIOLARIA_GATE3_G38_OWNER_LANDING_RETURN_20260922T144749Z/input_kit/historical_helpers/validate_owner_procedure.original_failed.py
97d1779a6b8820c33ec94249a8ca9cf231f6a0a03665639da29188d02ad3b7c7	7755	644	RADIOLARIA_GATE3_G38_OWNER_LANDING_RETURN_20260922T144749Z/input_kit/historical_helpers/validate_owner_procedure.repair01.py
7ab6d5a40b47d76e36db8e1bc2ce7a8bd452a82e9f53e1b26d8b2fed104b9bc1	15081	644	RADIOLARIA_GATE3_G38_OWNER_LANDING_RETURN_20260922T144749Z/input_kit/historical_helpers/validate_saved_successors.repair01.py
e3b0c44298fc1c149afbf4c8996fb92427ae41e4649b934ca495991b7852b855	0	644	RADIOLARIA_GATE3_G38_OWNER_LANDING_RETURN_20260922T144749Z/owner_execution/real_owner_run_01/g38_20260922T142729Z/001.stderr.bin
6403203dd5a0867eb14d104ee8a73730bd72dd9ad92e78d996a6dba0a5dcfc01	5	644	RADIOLARIA_GATE3_G38_OWNER_LANDING_RETURN_20260922T144749Z/owner_execution/real_owner_run_01/g38_20260922T142729Z/001.stdout.bin
e3b0c44298fc1c149afbf4c8996fb92427ae41e4649b934ca495991b7852b855	0	644	RADIOLARIA_GATE3_G38_OWNER_LANDING_RETURN_20260922T144749Z/owner_execution/real_owner_run_01/g38_20260922T142729Z/002.stderr.bin
002304eff2bda23fd9d41e2af8abdff8d151a67339bd9c1222fc9e0bea18baa8	41	644	RADIOLARIA_GATE3_G38_OWNER_LANDING_RETURN_20260922T144749Z/owner_execution/real_owner_run_01/g38_20260922T142729Z/002.stdout.bin
e3b0c44298fc1c149afbf4c8996fb92427ae41e4649b934ca495991b7852b855	0	644	RADIOLARIA_GATE3_G38_OWNER_LANDING_RETURN_20260922T144749Z/owner_execution/real_owner_run_01/g38_20260922T142729Z/003.stderr.bin
0660f3b25e81d7c8df8860bdf0c6ea63974478641eb5fda2e018ab0e9564aaec	41	644	RADIOLARIA_GATE3_G38_OWNER_LANDING_RETURN_20260922T144749Z/owner_execution/real_owner_run_01/g38_20260922T142729Z/003.stdout.bin
e3b0c44298fc1c149afbf4c8996fb92427ae41e4649b934ca495991b7852b855	0	644	RADIOLARIA_GATE3_G38_OWNER_LANDING_RETURN_20260922T144749Z/owner_execution/real_owner_run_01/g38_20260922T142729Z/004.stderr.bin
780fc452542c60b545644ee32f7c03f63a2fe61af3b1d01c2862a4613d5c2e49	41	644	RADIOLARIA_GATE3_G38_OWNER_LANDING_RETURN_20260922T144749Z/owner_execution/real_owner_run_01/g38_20260922T142729Z/004.stdout.bin
e3b0c44298fc1c149afbf4c8996fb92427ae41e4649b934ca495991b7852b855	0	644	RADIOLARIA_GATE3_G38_OWNER_LANDING_RETURN_20260922T144749Z/owner_execution/real_owner_run_01/g38_20260922T142729Z/005.stderr.bin
002304eff2bda23fd9d41e2af8abdff8d151a67339bd9c1222fc9e0bea18baa8	41	644	RADIOLARIA_GATE3_G38_OWNER_LANDING_RETURN_20260922T144749Z/owner_execution/real_owner_run_01/g38_20260922T142729Z/005.stdout.bin
e3b0c44298fc1c149afbf4c8996fb92427ae41e4649b934ca495991b7852b855	0	644	RADIOLARIA_GATE3_G38_OWNER_LANDING_RETURN_20260922T144749Z/owner_execution/real_owner_run_01/g38_20260922T142729Z/006.stderr.bin
d8d2c65ed206eb247acec3db1c6f19c9e7b69ccd90d136aa1ac5fdfdab0c18b7	45	644	RADIOLARIA_GATE3_G38_OWNER_LANDING_RETURN_20260922T144749Z/owner_execution/real_owner_run_01/g38_20260922T142729Z/006.stdout.bin
e3b0c44298fc1c149afbf4c8996fb92427ae41e4649b934ca495991b7852b855	0	644	RADIOLARIA_GATE3_G38_OWNER_LANDING_RETURN_20260922T144749Z/owner_execution/real_owner_run_01/g38_20260922T142729Z/007.stderr.bin
e3b0c44298fc1c149afbf4c8996fb92427ae41e4649b934ca495991b7852b855	0	644	RADIOLARIA_GATE3_G38_OWNER_LANDING_RETURN_20260922T144749Z/owner_execution/real_owner_run_01/g38_20260922T142729Z/007.stdout.bin
e3b0c44298fc1c149afbf4c8996fb92427ae41e4649b934ca495991b7852b855	0	644	RADIOLARIA_GATE3_G38_OWNER_LANDING_RETURN_20260922T144749Z/owner_execution/real_owner_run_01/g38_20260922T142729Z/008.stderr.bin
780fc452542c60b545644ee32f7c03f63a2fe61af3b1d01c2862a4613d5c2e49	41	644	RADIOLARIA_GATE3_G38_OWNER_LANDING_RETURN_20260922T144749Z/owner_execution/real_owner_run_01/g38_20260922T142729Z/008.stdout.bin
e3b0c44298fc1c149afbf4c8996fb92427ae41e4649b934ca495991b7852b855	0	644	RADIOLARIA_GATE3_G38_OWNER_LANDING_RETURN_20260922T144749Z/owner_execution/real_owner_run_01/g38_20260922T142729Z/009.stderr.bin
177a2e264397a63fd4ca222d5e7def6ad341761b019687c868c1c3c6b0f1b5fb	16	644	RADIOLARIA_GATE3_G38_OWNER_LANDING_RETURN_20260922T144749Z/owner_execution/real_owner_run_01/g38_20260922T142729Z/009.stdout.bin
e3b0c44298fc1c149afbf4c8996fb92427ae41e4649b934ca495991b7852b855	0	644	RADIOLARIA_GATE3_G38_OWNER_LANDING_RETURN_20260922T144749Z/owner_execution/real_owner_run_01/g38_20260922T142729Z/010.stderr.bin
d2f6a12a78fdf71603949dc6cf18babee6091d827c387b0dfcd4e471be0d8e4b	17	644	RADIOLARIA_GATE3_G38_OWNER_LANDING_RETURN_20260922T144749Z/owner_execution/real_owner_run_01/g38_20260922T142729Z/010.stdout.bin
e3b0c44298fc1c149afbf4c8996fb92427ae41e4649b934ca495991b7852b855	0	644	RADIOLARIA_GATE3_G38_OWNER_LANDING_RETURN_20260922T144749Z/owner_execution/real_owner_run_01/g38_20260922T142729Z/011.stderr.bin
c175b6954016190b096ec7bc6d85cd5901404fa97310842804ff66fe5f5613f9	22	644	RADIOLARIA_GATE3_G38_OWNER_LANDING_RETURN_20260922T144749Z/owner_execution/real_owner_run_01/g38_20260922T142729Z/011.stdout.bin
e3b0c44298fc1c149afbf4c8996fb92427ae41e4649b934ca495991b7852b855	0	644	RADIOLARIA_GATE3_G38_OWNER_LANDING_RETURN_20260922T144749Z/owner_execution/real_owner_run_01/g38_20260922T142729Z/012.stderr.bin
ac4e11e5927f67c9e5d94c17d590e4aaab763414dd4d6f0edc648aa1cef0a05c	17	644	RADIOLARIA_GATE3_G38_OWNER_LANDING_RETURN_20260922T144749Z/owner_execution/real_owner_run_01/g38_20260922T142729Z/012.stdout.bin
e3b0c44298fc1c149afbf4c8996fb92427ae41e4649b934ca495991b7852b855	0	644	RADIOLARIA_GATE3_G38_OWNER_LANDING_RETURN_20260922T144749Z/owner_execution/real_owner_run_01/g38_20260922T142729Z/013.stderr.bin
450b0afababdf10ac5819080881e0f93cebf232303c5fc1e7b7706e0bc78034c	16	644	RADIOLARIA_GATE3_G38_OWNER_LANDING_RETURN_20260922T144749Z/owner_execution/real_owner_run_01/g38_20260922T142729Z/013.stdout.bin
e3b0c44298fc1c149afbf4c8996fb92427ae41e4649b934ca495991b7852b855	0	644	RADIOLARIA_GATE3_G38_OWNER_LANDING_RETURN_20260922T144749Z/owner_execution/real_owner_run_01/g38_20260922T142729Z/014.stderr.bin
5a60707b506b85bbb3a3723159ebee29411757473c030c89092587f6f31ed335	18	644	RADIOLARIA_GATE3_G38_OWNER_LANDING_RETURN_20260922T144749Z/owner_execution/real_owner_run_01/g38_20260922T142729Z/014.stdout.bin
e3b0c44298fc1c149afbf4c8996fb92427ae41e4649b934ca495991b7852b855	0	644	RADIOLARIA_GATE3_G38_OWNER_LANDING_RETURN_20260922T144749Z/owner_execution/real_owner_run_01/g38_20260922T142729Z/015.stderr.bin
d91d06a0d6e7d45ec75b2603eb5a91cf85899708c20f8825ba0107ba20736d19	18	644	RADIOLARIA_GATE3_G38_OWNER_LANDING_RETURN_20260922T144749Z/owner_execution/real_owner_run_01/g38_20260922T142729Z/015.stdout.bin
e3b0c44298fc1c149afbf4c8996fb92427ae41e4649b934ca495991b7852b855	0	644	RADIOLARIA_GATE3_G38_OWNER_LANDING_RETURN_20260922T144749Z/owner_execution/real_owner_run_01/g38_20260922T142729Z/016.stderr.bin
09c9a7d1d0657a7ac41c6f30fcdb4efc0ec79ae85ef69d5d4c5f8912b698d013	15	644	RADIOLARIA_GATE3_G38_OWNER_LANDING_RETURN_20260922T144749Z/owner_execution/real_owner_run_01/g38_20260922T142729Z/016.stdout.bin
e3b0c44298fc1c149afbf4c8996fb92427ae41e4649b934ca495991b7852b855	0	644	RADIOLARIA_GATE3_G38_OWNER_LANDING_RETURN_20260922T144749Z/owner_execution/real_owner_run_01/g38_20260922T142729Z/017.stderr.bin
6986b304e015d402df4ebb21e181206ff68265f90b49ba4b04f8be0d23d4232a	16	644	RADIOLARIA_GATE3_G38_OWNER_LANDING_RETURN_20260922T144749Z/owner_execution/real_owner_run_01/g38_20260922T142729Z/017.stdout.bin
e3b0c44298fc1c149afbf4c8996fb92427ae41e4649b934ca495991b7852b855	0	644	RADIOLARIA_GATE3_G38_OWNER_LANDING_RETURN_20260922T144749Z/owner_execution/real_owner_run_01/g38_20260922T142729Z/018.stderr.bin
f1d6bf0eb4d49ccc5be65fb4a0ac601bd5d7a780972bdaba7f7cd346c711497a	15	644	RADIOLARIA_GATE3_G38_OWNER_LANDING_RETURN_20260922T144749Z/owner_execution/real_owner_run_01/g38_20260922T142729Z/018.stdout.bin
e3b0c44298fc1c149afbf4c8996fb92427ae41e4649b934ca495991b7852b855	0	644	RADIOLARIA_GATE3_G38_OWNER_LANDING_RETURN_20260922T144749Z/owner_execution/real_owner_run_01/g38_20260922T142729Z/019.stderr.bin
0e42e101ce4dd69aae04305525ded7ea5dbf21e8dc35ef2cdf9b7b40b2da56f8	22	644	RADIOLARIA_GATE3_G38_OWNER_LANDING_RETURN_20260922T144749Z/owner_execution/real_owner_run_01/g38_20260922T142729Z/019.stdout.bin
e3b0c44298fc1c149afbf4c8996fb92427ae41e4649b934ca495991b7852b855	0	644	RADIOLARIA_GATE3_G38_OWNER_LANDING_RETURN_20260922T144749Z/owner_execution/real_owner_run_01/g38_20260922T142729Z/020.stderr.bin
847423734d3fedba2bd53b66b3a10e20fcb4c3e3df2f18e06668ab3972dc136d	120083	644	RADIOLARIA_GATE3_G38_OWNER_LANDING_RETURN_20260922T144749Z/owner_execution/real_owner_run_01/g38_20260922T142729Z/020.stdout.bin
e3b0c44298fc1c149afbf4c8996fb92427ae41e4649b934ca495991b7852b855	0	644	RADIOLARIA_GATE3_G38_OWNER_LANDING_RETURN_20260922T144749Z/owner_execution/real_owner_run_01/g38_20260922T142729Z/021.stderr.bin
261f6b4e69f06adb568ebd8a86890d53553d132a7b825d4367bbca00bacb6ee2	64238	644	RADIOLARIA_GATE3_G38_OWNER_LANDING_RETURN_20260922T144749Z/owner_execution/real_owner_run_01/g38_20260922T142729Z/021.stdout.bin
e3b0c44298fc1c149afbf4c8996fb92427ae41e4649b934ca495991b7852b855	0	644	RADIOLARIA_GATE3_G38_OWNER_LANDING_RETURN_20260922T144749Z/owner_execution/real_owner_run_01/g38_20260922T142729Z/022.stderr.bin
22f956e88bac46c70cb38c045e48e739afe867f19fe6789f27ff9dc15af0e3a5	206320	644	RADIOLARIA_GATE3_G38_OWNER_LANDING_RETURN_20260922T144749Z/owner_execution/real_owner_run_01/g38_20260922T142729Z/022.stdout.bin
e3b0c44298fc1c149afbf4c8996fb92427ae41e4649b934ca495991b7852b855	0	644	RADIOLARIA_GATE3_G38_OWNER_LANDING_RETURN_20260922T144749Z/owner_execution/real_owner_run_01/g38_20260922T142729Z/023.stderr.bin
e3b0c44298fc1c149afbf4c8996fb92427ae41e4649b934ca495991b7852b855	0	644	RADIOLARIA_GATE3_G38_OWNER_LANDING_RETURN_20260922T144749Z/owner_execution/real_owner_run_01/g38_20260922T142729Z/023.stdout.bin
e3b0c44298fc1c149afbf4c8996fb92427ae41e4649b934ca495991b7852b855	0	644	RADIOLARIA_GATE3_G38_OWNER_LANDING_RETURN_20260922T144749Z/owner_execution/real_owner_run_01/g38_20260922T142729Z/024.stderr.bin
e3b0c44298fc1c149afbf4c8996fb92427ae41e4649b934ca495991b7852b855	0	644	RADIOLARIA_GATE3_G38_OWNER_LANDING_RETURN_20260922T144749Z/owner_execution/real_owner_run_01/g38_20260922T142729Z/024.stdout.bin
e3b0c44298fc1c149afbf4c8996fb92427ae41e4649b934ca495991b7852b855	0	644	RADIOLARIA_GATE3_G38_OWNER_LANDING_RETURN_20260922T144749Z/owner_execution/real_owner_run_01/g38_20260922T142729Z/025.stderr.bin
e3b0c44298fc1c149afbf4c8996fb92427ae41e4649b934ca495991b7852b855	0	644	RADIOLARIA_GATE3_G38_OWNER_LANDING_RETURN_20260922T144749Z/owner_execution/real_owner_run_01/g38_20260922T142729Z/025.stdout.bin
e3b0c44298fc1c149afbf4c8996fb92427ae41e4649b934ca495991b7852b855	0	644	RADIOLARIA_GATE3_G38_OWNER_LANDING_RETURN_20260922T144749Z/owner_execution/real_owner_run_01/g38_20260922T142729Z/026.stderr.bin
e3b0c44298fc1c149afbf4c8996fb92427ae41e4649b934ca495991b7852b855	0	644	RADIOLARIA_GATE3_G38_OWNER_LANDING_RETURN_20260922T144749Z/owner_execution/real_owner_run_01/g38_20260922T142729Z/026.stdout.bin
e3b0c44298fc1c149afbf4c8996fb92427ae41e4649b934ca495991b7852b855	0	644	RADIOLARIA_GATE3_G38_OWNER_LANDING_RETURN_20260922T144749Z/owner_execution/real_owner_run_01/g38_20260922T142729Z/027.stderr.bin
e3b0c44298fc1c149afbf4c8996fb92427ae41e4649b934ca495991b7852b855	0	644	RADIOLARIA_GATE3_G38_OWNER_LANDING_RETURN_20260922T144749Z/owner_execution/real_owner_run_01/g38_20260922T142729Z/027.stdout.bin
e3b0c44298fc1c149afbf4c8996fb92427ae41e4649b934ca495991b7852b855	0	644	RADIOLARIA_GATE3_G38_OWNER_LANDING_RETURN_20260922T144749Z/owner_execution/real_owner_run_01/g38_20260922T142729Z/028.stderr.bin
e3b0c44298fc1c149afbf4c8996fb92427ae41e4649b934ca495991b7852b855	0	644	RADIOLARIA_GATE3_G38_OWNER_LANDING_RETURN_20260922T144749Z/owner_execution/real_owner_run_01/g38_20260922T142729Z/028.stdout.bin
e3b0c44298fc1c149afbf4c8996fb92427ae41e4649b934ca495991b7852b855	0	644	RADIOLARIA_GATE3_G38_OWNER_LANDING_RETURN_20260922T144749Z/owner_execution/real_owner_run_01/g38_20260922T142729Z/029.stderr.bin
e3b0c44298fc1c149afbf4c8996fb92427ae41e4649b934ca495991b7852b855	0	644	RADIOLARIA_GATE3_G38_OWNER_LANDING_RETURN_20260922T144749Z/owner_execution/real_owner_run_01/g38_20260922T142729Z/029.stdout.bin
e3b0c44298fc1c149afbf4c8996fb92427ae41e4649b934ca495991b7852b855	0	644	RADIOLARIA_GATE3_G38_OWNER_LANDING_RETURN_20260922T144749Z/owner_execution/real_owner_run_01/g38_20260922T142729Z/030.stderr.bin
e3b0c44298fc1c149afbf4c8996fb92427ae41e4649b934ca495991b7852b855	0	644	RADIOLARIA_GATE3_G38_OWNER_LANDING_RETURN_20260922T144749Z/owner_execution/real_owner_run_01/g38_20260922T142729Z/030.stdout.bin
e3b0c44298fc1c149afbf4c8996fb92427ae41e4649b934ca495991b7852b855	0	644	RADIOLARIA_GATE3_G38_OWNER_LANDING_RETURN_20260922T144749Z/owner_execution/real_owner_run_01/g38_20260922T142729Z/031.stderr.bin
e3b0c44298fc1c149afbf4c8996fb92427ae41e4649b934ca495991b7852b855	0	644	RADIOLARIA_GATE3_G38_OWNER_LANDING_RETURN_20260922T144749Z/owner_execution/real_owner_run_01/g38_20260922T142729Z/031.stdout.bin
e3b0c44298fc1c149afbf4c8996fb92427ae41e4649b934ca495991b7852b855	0	644	RADIOLARIA_GATE3_G38_OWNER_LANDING_RETURN_20260922T144749Z/owner_execution/real_owner_run_01/g38_20260922T142729Z/032.stderr.bin
e3b0c44298fc1c149afbf4c8996fb92427ae41e4649b934ca495991b7852b855	0	644	RADIOLARIA_GATE3_G38_OWNER_LANDING_RETURN_20260922T144749Z/owner_execution/real_owner_run_01/g38_20260922T142729Z/032.stdout.bin
e3b0c44298fc1c149afbf4c8996fb92427ae41e4649b934ca495991b7852b855	0	644	RADIOLARIA_GATE3_G38_OWNER_LANDING_RETURN_20260922T144749Z/owner_execution/real_owner_run_01/g38_20260922T142729Z/033.stderr.bin
e3b0c44298fc1c149afbf4c8996fb92427ae41e4649b934ca495991b7852b855	0	644	RADIOLARIA_GATE3_G38_OWNER_LANDING_RETURN_20260922T144749Z/owner_execution/real_owner_run_01/g38_20260922T142729Z/033.stdout.bin
e3b0c44298fc1c149afbf4c8996fb92427ae41e4649b934ca495991b7852b855	0	644	RADIOLARIA_GATE3_G38_OWNER_LANDING_RETURN_20260922T144749Z/owner_execution/real_owner_run_01/g38_20260922T142729Z/034.stderr.bin
e3b0c44298fc1c149afbf4c8996fb92427ae41e4649b934ca495991b7852b855	0	644	RADIOLARIA_GATE3_G38_OWNER_LANDING_RETURN_20260922T144749Z/owner_execution/real_owner_run_01/g38_20260922T142729Z/034.stdout.bin
e3b0c44298fc1c149afbf4c8996fb92427ae41e4649b934ca495991b7852b855	0	644	RADIOLARIA_GATE3_G38_OWNER_LANDING_RETURN_20260922T144749Z/owner_execution/real_owner_run_01/g38_20260922T142729Z/035.stderr.bin
e3b0c44298fc1c149afbf4c8996fb92427ae41e4649b934ca495991b7852b855	0	644	RADIOLARIA_GATE3_G38_OWNER_LANDING_RETURN_20260922T144749Z/owner_execution/real_owner_run_01/g38_20260922T142729Z/035.stdout.bin
e3b0c44298fc1c149afbf4c8996fb92427ae41e4649b934ca495991b7852b855	0	644	RADIOLARIA_GATE3_G38_OWNER_LANDING_RETURN_20260922T144749Z/owner_execution/real_owner_run_01/g38_20260922T142729Z/036.stderr.bin
e3b0c44298fc1c149afbf4c8996fb92427ae41e4649b934ca495991b7852b855	0	644	RADIOLARIA_GATE3_G38_OWNER_LANDING_RETURN_20260922T144749Z/owner_execution/real_owner_run_01/g38_20260922T142729Z/036.stdout.bin
e3b0c44298fc1c149afbf4c8996fb92427ae41e4649b934ca495991b7852b855	0	644	RADIOLARIA_GATE3_G38_OWNER_LANDING_RETURN_20260922T144749Z/owner_execution/real_owner_run_01/g38_20260922T142729Z/037.stderr.bin
e3b0c44298fc1c149afbf4c8996fb92427ae41e4649b934ca495991b7852b855	0	644	RADIOLARIA_GATE3_G38_OWNER_LANDING_RETURN_20260922T144749Z/owner_execution/real_owner_run_01/g38_20260922T142729Z/037.stdout.bin
e3b0c44298fc1c149afbf4c8996fb92427ae41e4649b934ca495991b7852b855	0	644	RADIOLARIA_GATE3_G38_OWNER_LANDING_RETURN_20260922T144749Z/owner_execution/real_owner_run_01/g38_20260922T142729Z/038.stderr.bin
e3b0c44298fc1c149afbf4c8996fb92427ae41e4649b934ca495991b7852b855	0	644	RADIOLARIA_GATE3_G38_OWNER_LANDING_RETURN_20260922T144749Z/owner_execution/real_owner_run_01/g38_20260922T142729Z/038.stdout.bin
e3b0c44298fc1c149afbf4c8996fb92427ae41e4649b934ca495991b7852b855	0	644	RADIOLARIA_GATE3_G38_OWNER_LANDING_RETURN_20260922T144749Z/owner_execution/real_owner_run_01/g38_20260922T142729Z/039.stderr.bin
e3b0c44298fc1c149afbf4c8996fb92427ae41e4649b934ca495991b7852b855	0	644	RADIOLARIA_GATE3_G38_OWNER_LANDING_RETURN_20260922T144749Z/owner_execution/real_owner_run_01/g38_20260922T142729Z/039.stdout.bin
e3b0c44298fc1c149afbf4c8996fb92427ae41e4649b934ca495991b7852b855	0	644	RADIOLARIA_GATE3_G38_OWNER_LANDING_RETURN_20260922T144749Z/owner_execution/real_owner_run_01/g38_20260922T142729Z/040.stderr.bin
e3b0c44298fc1c149afbf4c8996fb92427ae41e4649b934ca495991b7852b855	0	644	RADIOLARIA_GATE3_G38_OWNER_LANDING_RETURN_20260922T144749Z/owner_execution/real_owner_run_01/g38_20260922T142729Z/040.stdout.bin
e3b0c44298fc1c149afbf4c8996fb92427ae41e4649b934ca495991b7852b855	0	644	RADIOLARIA_GATE3_G38_OWNER_LANDING_RETURN_20260922T144749Z/owner_execution/real_owner_run_01/g38_20260922T142729Z/041.stderr.bin
e3b0c44298fc1c149afbf4c8996fb92427ae41e4649b934ca495991b7852b855	0	644	RADIOLARIA_GATE3_G38_OWNER_LANDING_RETURN_20260922T144749Z/owner_execution/real_owner_run_01/g38_20260922T142729Z/041.stdout.bin
e3b0c44298fc1c149afbf4c8996fb92427ae41e4649b934ca495991b7852b855	0	644	RADIOLARIA_GATE3_G38_OWNER_LANDING_RETURN_20260922T144749Z/owner_execution/real_owner_run_01/g38_20260922T142729Z/042.stderr.bin
e3b0c44298fc1c149afbf4c8996fb92427ae41e4649b934ca495991b7852b855	0	644	RADIOLARIA_GATE3_G38_OWNER_LANDING_RETURN_20260922T144749Z/owner_execution/real_owner_run_01/g38_20260922T142729Z/042.stdout.bin
e3b0c44298fc1c149afbf4c8996fb92427ae41e4649b934ca495991b7852b855	0	644	RADIOLARIA_GATE3_G38_OWNER_LANDING_RETURN_20260922T144749Z/owner_execution/real_owner_run_01/g38_20260922T142729Z/043.stderr.bin
e3b0c44298fc1c149afbf4c8996fb92427ae41e4649b934ca495991b7852b855	0	644	RADIOLARIA_GATE3_G38_OWNER_LANDING_RETURN_20260922T144749Z/owner_execution/real_owner_run_01/g38_20260922T142729Z/043.stdout.bin
e3b0c44298fc1c149afbf4c8996fb92427ae41e4649b934ca495991b7852b855	0	644	RADIOLARIA_GATE3_G38_OWNER_LANDING_RETURN_20260922T144749Z/owner_execution/real_owner_run_01/g38_20260922T142729Z/044.stderr.bin
e3b0c44298fc1c149afbf4c8996fb92427ae41e4649b934ca495991b7852b855	0	644	RADIOLARIA_GATE3_G38_OWNER_LANDING_RETURN_20260922T144749Z/owner_execution/real_owner_run_01/g38_20260922T142729Z/044.stdout.bin
e3b0c44298fc1c149afbf4c8996fb92427ae41e4649b934ca495991b7852b855	0	644	RADIOLARIA_GATE3_G38_OWNER_LANDING_RETURN_20260922T144749Z/owner_execution/real_owner_run_01/g38_20260922T142729Z/045.stderr.bin
e3b0c44298fc1c149afbf4c8996fb92427ae41e4649b934ca495991b7852b855	0	644	RADIOLARIA_GATE3_G38_OWNER_LANDING_RETURN_20260922T144749Z/owner_execution/real_owner_run_01/g38_20260922T142729Z/045.stdout.bin
e3b0c44298fc1c149afbf4c8996fb92427ae41e4649b934ca495991b7852b855	0	644	RADIOLARIA_GATE3_G38_OWNER_LANDING_RETURN_20260922T144749Z/owner_execution/real_owner_run_01/g38_20260922T142729Z/046.stderr.bin
e3b0c44298fc1c149afbf4c8996fb92427ae41e4649b934ca495991b7852b855	0	644	RADIOLARIA_GATE3_G38_OWNER_LANDING_RETURN_20260922T144749Z/owner_execution/real_owner_run_01/g38_20260922T142729Z/046.stdout.bin
e3b0c44298fc1c149afbf4c8996fb92427ae41e4649b934ca495991b7852b855	0	644	RADIOLARIA_GATE3_G38_OWNER_LANDING_RETURN_20260922T144749Z/owner_execution/real_owner_run_01/g38_20260922T142729Z/047.stderr.bin
e3b0c44298fc1c149afbf4c8996fb92427ae41e4649b934ca495991b7852b855	0	644	RADIOLARIA_GATE3_G38_OWNER_LANDING_RETURN_20260922T144749Z/owner_execution/real_owner_run_01/g38_20260922T142729Z/047.stdout.bin
e3b0c44298fc1c149afbf4c8996fb92427ae41e4649b934ca495991b7852b855	0	644	RADIOLARIA_GATE3_G38_OWNER_LANDING_RETURN_20260922T144749Z/owner_execution/real_owner_run_01/g38_20260922T142729Z/048.stderr.bin
e3b0c44298fc1c149afbf4c8996fb92427ae41e4649b934ca495991b7852b855	0	644	RADIOLARIA_GATE3_G38_OWNER_LANDING_RETURN_20260922T144749Z/owner_execution/real_owner_run_01/g38_20260922T142729Z/048.stdout.bin
e3b0c44298fc1c149afbf4c8996fb92427ae41e4649b934ca495991b7852b855	0	644	RADIOLARIA_GATE3_G38_OWNER_LANDING_RETURN_20260922T144749Z/owner_execution/real_owner_run_01/g38_20260922T142729Z/049.stderr.bin
e3b0c44298fc1c149afbf4c8996fb92427ae41e4649b934ca495991b7852b855	0	644	RADIOLARIA_GATE3_G38_OWNER_LANDING_RETURN_20260922T144749Z/owner_execution/real_owner_run_01/g38_20260922T142729Z/049.stdout.bin
e3b0c44298fc1c149afbf4c8996fb92427ae41e4649b934ca495991b7852b855	0	644	RADIOLARIA_GATE3_G38_OWNER_LANDING_RETURN_20260922T144749Z/owner_execution/real_owner_run_01/g38_20260922T142729Z/050.stderr.bin
e3b0c44298fc1c149afbf4c8996fb92427ae41e4649b934ca495991b7852b855	0	644	RADIOLARIA_GATE3_G38_OWNER_LANDING_RETURN_20260922T144749Z/owner_execution/real_owner_run_01/g38_20260922T142729Z/050.stdout.bin
e3b0c44298fc1c149afbf4c8996fb92427ae41e4649b934ca495991b7852b855	0	644	RADIOLARIA_GATE3_G38_OWNER_LANDING_RETURN_20260922T144749Z/owner_execution/real_owner_run_01/g38_20260922T142729Z/051.stderr.bin
e3b0c44298fc1c149afbf4c8996fb92427ae41e4649b934ca495991b7852b855	0	644	RADIOLARIA_GATE3_G38_OWNER_LANDING_RETURN_20260922T144749Z/owner_execution/real_owner_run_01/g38_20260922T142729Z/051.stdout.bin
e3b0c44298fc1c149afbf4c8996fb92427ae41e4649b934ca495991b7852b855	0	644	RADIOLARIA_GATE3_G38_OWNER_LANDING_RETURN_20260922T144749Z/owner_execution/real_owner_run_01/g38_20260922T142729Z/052.stderr.bin
e3b0c44298fc1c149afbf4c8996fb92427ae41e4649b934ca495991b7852b855	0	644	RADIOLARIA_GATE3_G38_OWNER_LANDING_RETURN_20260922T144749Z/owner_execution/real_owner_run_01/g38_20260922T142729Z/052.stdout.bin
e3b0c44298fc1c149afbf4c8996fb92427ae41e4649b934ca495991b7852b855	0	644	RADIOLARIA_GATE3_G38_OWNER_LANDING_RETURN_20260922T144749Z/owner_execution/real_owner_run_01/g38_20260922T142729Z/053.stderr.bin
e3b0c44298fc1c149afbf4c8996fb92427ae41e4649b934ca495991b7852b855	0	644	RADIOLARIA_GATE3_G38_OWNER_LANDING_RETURN_20260922T144749Z/owner_execution/real_owner_run_01/g38_20260922T142729Z/053.stdout.bin
e3b0c44298fc1c149afbf4c8996fb92427ae41e4649b934ca495991b7852b855	0	644	RADIOLARIA_GATE3_G38_OWNER_LANDING_RETURN_20260922T144749Z/owner_execution/real_owner_run_01/g38_20260922T142729Z/054.stderr.bin
e3b0c44298fc1c149afbf4c8996fb92427ae41e4649b934ca495991b7852b855	0	644	RADIOLARIA_GATE3_G38_OWNER_LANDING_RETURN_20260922T144749Z/owner_execution/real_owner_run_01/g38_20260922T142729Z/054.stdout.bin
e3b0c44298fc1c149afbf4c8996fb92427ae41e4649b934ca495991b7852b855	0	644	RADIOLARIA_GATE3_G38_OWNER_LANDING_RETURN_20260922T144749Z/owner_execution/real_owner_run_01/g38_20260922T142729Z/055.stderr.bin
e3b0c44298fc1c149afbf4c8996fb92427ae41e4649b934ca495991b7852b855	0	644	RADIOLARIA_GATE3_G38_OWNER_LANDING_RETURN_20260922T144749Z/owner_execution/real_owner_run_01/g38_20260922T142729Z/055.stdout.bin
e3b0c44298fc1c149afbf4c8996fb92427ae41e4649b934ca495991b7852b855	0	644	RADIOLARIA_GATE3_G38_OWNER_LANDING_RETURN_20260922T144749Z/owner_execution/real_owner_run_01/g38_20260922T142729Z/056.stderr.bin
e3b0c44298fc1c149afbf4c8996fb92427ae41e4649b934ca495991b7852b855	0	644	RADIOLARIA_GATE3_G38_OWNER_LANDING_RETURN_20260922T144749Z/owner_execution/real_owner_run_01/g38_20260922T142729Z/056.stdout.bin
e3b0c44298fc1c149afbf4c8996fb92427ae41e4649b934ca495991b7852b855	0	644	RADIOLARIA_GATE3_G38_OWNER_LANDING_RETURN_20260922T144749Z/owner_execution/real_owner_run_01/g38_20260922T142729Z/057.stderr.bin
e3b0c44298fc1c149afbf4c8996fb92427ae41e4649b934ca495991b7852b855	0	644	RADIOLARIA_GATE3_G38_OWNER_LANDING_RETURN_20260922T144749Z/owner_execution/real_owner_run_01/g38_20260922T142729Z/057.stdout.bin
e3b0c44298fc1c149afbf4c8996fb92427ae41e4649b934ca495991b7852b855	0	644	RADIOLARIA_GATE3_G38_OWNER_LANDING_RETURN_20260922T144749Z/owner_execution/real_owner_run_01/g38_20260922T142729Z/058.stderr.bin
e3b0c44298fc1c149afbf4c8996fb92427ae41e4649b934ca495991b7852b855	0	644	RADIOLARIA_GATE3_G38_OWNER_LANDING_RETURN_20260922T144749Z/owner_execution/real_owner_run_01/g38_20260922T142729Z/058.stdout.bin
e3b0c44298fc1c149afbf4c8996fb92427ae41e4649b934ca495991b7852b855	0	644	RADIOLARIA_GATE3_G38_OWNER_LANDING_RETURN_20260922T144749Z/owner_execution/real_owner_run_01/g38_20260922T142729Z/059.stderr.bin
e3b0c44298fc1c149afbf4c8996fb92427ae41e4649b934ca495991b7852b855	0	644	RADIOLARIA_GATE3_G38_OWNER_LANDING_RETURN_20260922T144749Z/owner_execution/real_owner_run_01/g38_20260922T142729Z/059.stdout.bin
e3b0c44298fc1c149afbf4c8996fb92427ae41e4649b934ca495991b7852b855	0	644	RADIOLARIA_GATE3_G38_OWNER_LANDING_RETURN_20260922T144749Z/owner_execution/real_owner_run_01/g38_20260922T142729Z/060.stderr.bin
e3b0c44298fc1c149afbf4c8996fb92427ae41e4649b934ca495991b7852b855	0	644	RADIOLARIA_GATE3_G38_OWNER_LANDING_RETURN_20260922T144749Z/owner_execution/real_owner_run_01/g38_20260922T142729Z/060.stdout.bin
e3b0c44298fc1c149afbf4c8996fb92427ae41e4649b934ca495991b7852b855	0	644	RADIOLARIA_GATE3_G38_OWNER_LANDING_RETURN_20260922T144749Z/owner_execution/real_owner_run_01/g38_20260922T142729Z/061.stderr.bin
e3b0c44298fc1c149afbf4c8996fb92427ae41e4649b934ca495991b7852b855	0	644	RADIOLARIA_GATE3_G38_OWNER_LANDING_RETURN_20260922T144749Z/owner_execution/real_owner_run_01/g38_20260922T142729Z/061.stdout.bin
e3b0c44298fc1c149afbf4c8996fb92427ae41e4649b934ca495991b7852b855	0	644	RADIOLARIA_GATE3_G38_OWNER_LANDING_RETURN_20260922T144749Z/owner_execution/real_owner_run_01/g38_20260922T142729Z/062.stderr.bin
e3b0c44298fc1c149afbf4c8996fb92427ae41e4649b934ca495991b7852b855	0	644	RADIOLARIA_GATE3_G38_OWNER_LANDING_RETURN_20260922T144749Z/owner_execution/real_owner_run_01/g38_20260922T142729Z/062.stdout.bin
e3b0c44298fc1c149afbf4c8996fb92427ae41e4649b934ca495991b7852b855	0	644	RADIOLARIA_GATE3_G38_OWNER_LANDING_RETURN_20260922T144749Z/owner_execution/real_owner_run_01/g38_20260922T142729Z/063.stderr.bin
7a475480895c969744e264691711e5cd854ab9d5cf73601ab152f30ae38ba19f	57	644	RADIOLARIA_GATE3_G38_OWNER_LANDING_RETURN_20260922T144749Z/owner_execution/real_owner_run_01/g38_20260922T142729Z/063.stdout.bin
e3b0c44298fc1c149afbf4c8996fb92427ae41e4649b934ca495991b7852b855	0	644	RADIOLARIA_GATE3_G38_OWNER_LANDING_RETURN_20260922T144749Z/owner_execution/real_owner_run_01/g38_20260922T142729Z/064.stderr.bin
db05a0c9fbcd7eab427987bbcafb0ab152f9a36adc74aa5ad7006ac06f5266b0	764	644	RADIOLARIA_GATE3_G38_OWNER_LANDING_RETURN_20260922T144749Z/owner_execution/real_owner_run_01/g38_20260922T142729Z/064.stdout.bin
e3b0c44298fc1c149afbf4c8996fb92427ae41e4649b934ca495991b7852b855	0	644	RADIOLARIA_GATE3_G38_OWNER_LANDING_RETURN_20260922T144749Z/owner_execution/real_owner_run_01/g38_20260922T142729Z/065.stderr.bin
66ef8c4a32d99bcd9e3f7e833301fcf9fc69e807055dda53966d7cd1fd7287d9	1812	644	RADIOLARIA_GATE3_G38_OWNER_LANDING_RETURN_20260922T144749Z/owner_execution/real_owner_run_01/g38_20260922T142729Z/065.stdout.bin
e3b0c44298fc1c149afbf4c8996fb92427ae41e4649b934ca495991b7852b855	0	644	RADIOLARIA_GATE3_G38_OWNER_LANDING_RETURN_20260922T144749Z/owner_execution/real_owner_run_01/g38_20260922T142729Z/066.stderr.bin
e3b0c44298fc1c149afbf4c8996fb92427ae41e4649b934ca495991b7852b855	0	644	RADIOLARIA_GATE3_G38_OWNER_LANDING_RETURN_20260922T144749Z/owner_execution/real_owner_run_01/g38_20260922T142729Z/066.stdout.bin
e3b0c44298fc1c149afbf4c8996fb92427ae41e4649b934ca495991b7852b855	0	644	RADIOLARIA_GATE3_G38_OWNER_LANDING_RETURN_20260922T144749Z/owner_execution/real_owner_run_01/g38_20260922T142729Z/067.stderr.bin
e3b0c44298fc1c149afbf4c8996fb92427ae41e4649b934ca495991b7852b855	0	644	RADIOLARIA_GATE3_G38_OWNER_LANDING_RETURN_20260922T144749Z/owner_execution/real_owner_run_01/g38_20260922T142729Z/067.stdout.bin
e3b0c44298fc1c149afbf4c8996fb92427ae41e4649b934ca495991b7852b855	0	644	RADIOLARIA_GATE3_G38_OWNER_LANDING_RETURN_20260922T144749Z/owner_execution/real_owner_run_01/g38_20260922T142729Z/068.stderr.bin
4e767731a963be4079ebddc678a0e431d15cf52a2b739c943e5754b49b73157a	742	644	RADIOLARIA_GATE3_G38_OWNER_LANDING_RETURN_20260922T144749Z/owner_execution/real_owner_run_01/g38_20260922T142729Z/068.stdout.bin
e3b0c44298fc1c149afbf4c8996fb92427ae41e4649b934ca495991b7852b855	0	644	RADIOLARIA_GATE3_G38_OWNER_LANDING_RETURN_20260922T144749Z/owner_execution/real_owner_run_01/g38_20260922T142729Z/069.stderr.bin
e3b0c44298fc1c149afbf4c8996fb92427ae41e4649b934ca495991b7852b855	0	644	RADIOLARIA_GATE3_G38_OWNER_LANDING_RETURN_20260922T144749Z/owner_execution/real_owner_run_01/g38_20260922T142729Z/069.stdout.bin
e3b0c44298fc1c149afbf4c8996fb92427ae41e4649b934ca495991b7852b855	0	644	RADIOLARIA_GATE3_G38_OWNER_LANDING_RETURN_20260922T144749Z/owner_execution/real_owner_run_01/g38_20260922T142729Z/070.stderr.bin
68a95f4ba5d291113aea6e769ea5c263e4a1bf76433afe51bdbb4f48c570180d	2656	644	RADIOLARIA_GATE3_G38_OWNER_LANDING_RETURN_20260922T144749Z/owner_execution/real_owner_run_01/g38_20260922T142729Z/070.stdout.bin
e3b0c44298fc1c149afbf4c8996fb92427ae41e4649b934ca495991b7852b855	0	644	RADIOLARIA_GATE3_G38_OWNER_LANDING_RETURN_20260922T144749Z/owner_execution/real_owner_run_01/g38_20260922T142729Z/071.stderr.bin
e3b0c44298fc1c149afbf4c8996fb92427ae41e4649b934ca495991b7852b855	0	644	RADIOLARIA_GATE3_G38_OWNER_LANDING_RETURN_20260922T144749Z/owner_execution/real_owner_run_01/g38_20260922T142729Z/071.stdout.bin
e3b0c44298fc1c149afbf4c8996fb92427ae41e4649b934ca495991b7852b855	0	644	RADIOLARIA_GATE3_G38_OWNER_LANDING_RETURN_20260922T144749Z/owner_execution/real_owner_run_01/g38_20260922T142729Z/072.stderr.bin
e3b0c44298fc1c149afbf4c8996fb92427ae41e4649b934ca495991b7852b855	0	644	RADIOLARIA_GATE3_G38_OWNER_LANDING_RETURN_20260922T144749Z/owner_execution/real_owner_run_01/g38_20260922T142729Z/072.stdout.bin
e3b0c44298fc1c149afbf4c8996fb92427ae41e4649b934ca495991b7852b855	0	644	RADIOLARIA_GATE3_G38_OWNER_LANDING_RETURN_20260922T144749Z/owner_execution/real_owner_run_01/g38_20260922T142729Z/073.stderr.bin
8b4af8ac7b718b5ee4a9f43ba2b76f19694853149ebd046548c79fa684290228	740	644	RADIOLARIA_GATE3_G38_OWNER_LANDING_RETURN_20260922T144749Z/owner_execution/real_owner_run_01/g38_20260922T142729Z/073.stdout.bin
e3b0c44298fc1c149afbf4c8996fb92427ae41e4649b934ca495991b7852b855	0	644	RADIOLARIA_GATE3_G38_OWNER_LANDING_RETURN_20260922T144749Z/owner_execution/real_owner_run_01/g38_20260922T142729Z/074.stderr.bin
9c06dfd38a13125d22582185ca2c162bca53c22369e4a34f9fd60d9c21b12133	41	644	RADIOLARIA_GATE3_G38_OWNER_LANDING_RETURN_20260922T144749Z/owner_execution/real_owner_run_01/g38_20260922T142729Z/074.stdout.bin
e3b0c44298fc1c149afbf4c8996fb92427ae41e4649b934ca495991b7852b855	0	644	RADIOLARIA_GATE3_G38_OWNER_LANDING_RETURN_20260922T144749Z/owner_execution/real_owner_run_01/g38_20260922T142729Z/075.stderr.bin
1e7b766102aef050847222728d3c3a900c39ae64ef4fe6ba67ec769063a5e34c	2724	644	RADIOLARIA_GATE3_G38_OWNER_LANDING_RETURN_20260922T144749Z/owner_execution/real_owner_run_01/g38_20260922T142729Z/075.stdout.bin
e3b0c44298fc1c149afbf4c8996fb92427ae41e4649b934ca495991b7852b855	0	644	RADIOLARIA_GATE3_G38_OWNER_LANDING_RETURN_20260922T144749Z/owner_execution/real_owner_run_01/g38_20260922T142729Z/076.stderr.bin
4c5f16bcfee2850d7f52230bf8243d93a326801d7f21b746a019b85ecfac3b40	41	644	RADIOLARIA_GATE3_G38_OWNER_LANDING_RETURN_20260922T144749Z/owner_execution/real_owner_run_01/g38_20260922T142729Z/076.stdout.bin
e3b0c44298fc1c149afbf4c8996fb92427ae41e4649b934ca495991b7852b855	0	644	RADIOLARIA_GATE3_G38_OWNER_LANDING_RETURN_20260922T144749Z/owner_execution/real_owner_run_01/g38_20260922T142729Z/077.stderr.bin
002304eff2bda23fd9d41e2af8abdff8d151a67339bd9c1222fc9e0bea18baa8	41	644	RADIOLARIA_GATE3_G38_OWNER_LANDING_RETURN_20260922T144749Z/owner_execution/real_owner_run_01/g38_20260922T142729Z/077.stdout.bin
e3b0c44298fc1c149afbf4c8996fb92427ae41e4649b934ca495991b7852b855	0	644	RADIOLARIA_GATE3_G38_OWNER_LANDING_RETURN_20260922T144749Z/owner_execution/real_owner_run_01/g38_20260922T142729Z/078.stderr.bin
9c06dfd38a13125d22582185ca2c162bca53c22369e4a34f9fd60d9c21b12133	41	644	RADIOLARIA_GATE3_G38_OWNER_LANDING_RETURN_20260922T144749Z/owner_execution/real_owner_run_01/g38_20260922T142729Z/078.stdout.bin
e3b0c44298fc1c149afbf4c8996fb92427ae41e4649b934ca495991b7852b855	0	644	RADIOLARIA_GATE3_G38_OWNER_LANDING_RETURN_20260922T144749Z/owner_execution/real_owner_run_01/g38_20260922T142729Z/079.stderr.bin
7cb85ca391c799ae5e6fab6c0457149103dacd062a59c617917646bc4f113e8e	734	644	RADIOLARIA_GATE3_G38_OWNER_LANDING_RETURN_20260922T144749Z/owner_execution/real_owner_run_01/g38_20260922T142729Z/079.stdout.bin
e3b0c44298fc1c149afbf4c8996fb92427ae41e4649b934ca495991b7852b855	0	644	RADIOLARIA_GATE3_G38_OWNER_LANDING_RETURN_20260922T144749Z/owner_execution/real_owner_run_01/g38_20260922T142729Z/080.stderr.bin
726df6dfbfe67d723e7ebfa8adeda524ce5e49913374e398a0756e751722762b	111	644	RADIOLARIA_GATE3_G38_OWNER_LANDING_RETURN_20260922T144749Z/owner_execution/real_owner_run_01/g38_20260922T142729Z/080.stdout.bin
e3b0c44298fc1c149afbf4c8996fb92427ae41e4649b934ca495991b7852b855	0	644	RADIOLARIA_GATE3_G38_OWNER_LANDING_RETURN_20260922T144749Z/owner_execution/real_owner_run_01/g38_20260922T142729Z/081.stderr.bin
e3b0c44298fc1c149afbf4c8996fb92427ae41e4649b934ca495991b7852b855	0	644	RADIOLARIA_GATE3_G38_OWNER_LANDING_RETURN_20260922T144749Z/owner_execution/real_owner_run_01/g38_20260922T142729Z/081.stdout.bin
8de532526a27a12ac3abf9af4ad0976a0c67eb048d28e608cc02755588e92c8f	82	644	RADIOLARIA_GATE3_G38_OWNER_LANDING_RETURN_20260922T144749Z/owner_execution/real_owner_run_01/g38_20260922T142729Z/082.stderr.bin
e3b0c44298fc1c149afbf4c8996fb92427ae41e4649b934ca495991b7852b855	0	644	RADIOLARIA_GATE3_G38_OWNER_LANDING_RETURN_20260922T144749Z/owner_execution/real_owner_run_01/g38_20260922T142729Z/082.stdout.bin
974cd71ebc398babcce3efb08ce0f208308b7cab0f967772a38b1e8d97769904	92	644	RADIOLARIA_GATE3_G38_OWNER_LANDING_RETURN_20260922T144749Z/owner_execution/real_owner_run_01/g38_20260922T142729Z/083.stderr.bin
e3b0c44298fc1c149afbf4c8996fb92427ae41e4649b934ca495991b7852b855	0	644	RADIOLARIA_GATE3_G38_OWNER_LANDING_RETURN_20260922T144749Z/owner_execution/real_owner_run_01/g38_20260922T142729Z/083.stdout.bin
e3b0c44298fc1c149afbf4c8996fb92427ae41e4649b934ca495991b7852b855	0	644	RADIOLARIA_GATE3_G38_OWNER_LANDING_RETURN_20260922T144749Z/owner_execution/real_owner_run_01/g38_20260922T142729Z/084.stderr.bin
4c5f16bcfee2850d7f52230bf8243d93a326801d7f21b746a019b85ecfac3b40	41	644	RADIOLARIA_GATE3_G38_OWNER_LANDING_RETURN_20260922T144749Z/owner_execution/real_owner_run_01/g38_20260922T142729Z/084.stdout.bin
e3b0c44298fc1c149afbf4c8996fb92427ae41e4649b934ca495991b7852b855	0	644	RADIOLARIA_GATE3_G38_OWNER_LANDING_RETURN_20260922T144749Z/owner_execution/real_owner_run_01/g38_20260922T142729Z/085.stderr.bin
c684293ffec39742d1c1dd00f73965bb499141ba122d6f5fb62cdd28313795aa	57	644	RADIOLARIA_GATE3_G38_OWNER_LANDING_RETURN_20260922T144749Z/owner_execution/real_owner_run_01/g38_20260922T142729Z/085.stdout.bin
e3b0c44298fc1c149afbf4c8996fb92427ae41e4649b934ca495991b7852b855	0	644	RADIOLARIA_GATE3_G38_OWNER_LANDING_RETURN_20260922T144749Z/owner_execution/real_owner_run_01/g38_20260922T142729Z/086.stderr.bin
e3b0c44298fc1c149afbf4c8996fb92427ae41e4649b934ca495991b7852b855	0	644	RADIOLARIA_GATE3_G38_OWNER_LANDING_RETURN_20260922T144749Z/owner_execution/real_owner_run_01/g38_20260922T142729Z/086.stdout.bin
a183d255f8d406f5b0a6ed34ef7bf78300f32449ca58b71fc07885dad4a87ed9	35831	644	RADIOLARIA_GATE3_G38_OWNER_LANDING_RETURN_20260922T144749Z/owner_execution/real_owner_run_01/g38_20260922T142729Z/commands.jsonl
6eda8e6d3b90314b18a3c7e2860a0da2c56cae1da7340426f55e2019ad3112e1	464	644	RADIOLARIA_GATE3_G38_OWNER_LANDING_RETURN_20260922T144749Z/owner_execution/real_owner_run_01/g38_20260922T142729Z/phases.jsonl
7b66411a695b3a579b1b4bfaa39474d39a9ec2f9d92f91be362c022827612f6b	395	644	RADIOLARIA_GATE3_G38_OWNER_LANDING_RETURN_20260922T144749Z/owner_execution/real_owner_run_01/g38_20260922T142729Z/result.json
e0f8928c370738641e46141b1e0e091b43fa85767116473f0779b04b79cf4047	22305	644	RADIOLARIA_GATE3_G38_OWNER_LANDING_RETURN_20260922T144749Z/reviewed_input/owner_landing/g38_owner_landing.py
2e4b8a60fef5f335998f03e204c552735f4689b329710c33b374d530082ac31f	17122	644	RADIOLARIA_GATE3_G38_OWNER_LANDING_RETURN_20260922T144749Z/reviewed_input/owner_payload/MANIFEST.json
d5733827612409f19d263598e255a38a80200992a1a86b428e32adf8194022ca	4122968	644	RADIOLARIA_GATE3_G38_OWNER_LANDING_RETURN_20260922T144749Z/reviewed_input/owner_payload/cumulative_d199_to_g37r.patch
eed291bdbbc1141cb46f2db7a4e3ff6d3e9063cff8c16f4e0ddefa4a4b553053	11743	644	RADIOLARIA_GATE3_G38_OWNER_LANDING_RETURN_20260922T144749Z/reviewed_input/owner_payload/incremental_g37_to_g37r.patch
34c42fe602aa442c30e7b39ce3b2dd36c9c60e0d182480d0de64becdc4ff9af6	23634	644	RADIOLARIA_GATE3_G38_OWNER_LANDING_RETURN_20260922T144749Z/reviewed_input/owner_payload/postimages/AGENTS.md
cd5d33b56ac086030cd2b81c49473553ee506422d144fd34b18ef7f156361abc	3465	644	RADIOLARIA_GATE3_G38_OWNER_LANDING_RETURN_20260922T144749Z/reviewed_input/owner_payload/postimages/demo/gate3_scenario_packs_v01.py
53c958c775d488fbae0c1b03072db55d8d7b24ccfde79449f304637a55a1b640	10028	644	RADIOLARIA_GATE3_G38_OWNER_LANDING_RETURN_20260922T144749Z/reviewed_input/owner_payload/postimages/demo/run_gate3_calibration_v01.py
dca57897b51ed02803e3e543d0333a80abefe06902be88a9d2d0ba4547392503	136478	644	RADIOLARIA_GATE3_G38_OWNER_LANDING_RETURN_20260922T144749Z/reviewed_input/owner_payload/postimages/demo/run_kernel_conformance_v01.py
997fb5cb883fea10433b98cbbeda760945c5606dc033609bf2464fe8b99e8fc9	262947	644	RADIOLARIA_GATE3_G38_OWNER_LANDING_RETURN_20260922T144749Z/reviewed_input/owner_payload/postimages/demo/run_living_gauntlet_v01.py
9c617e2b9363b314c9648561058386a629a439e7a2a0825feeb097a00ba82f1c	28455	644	RADIOLARIA_GATE3_G38_OWNER_LANDING_RETURN_20260922T144749Z/reviewed_input/owner_payload/postimages/docs/gate3_outcome_feedback_checkpoint_v01.md
abd975e70d3b92f14b283dc0fe961a50c9d0d12db4e907f682d2dc9d6fcf3862	44833	644	RADIOLARIA_GATE3_G38_OWNER_LANDING_RETURN_20260922T144749Z/reviewed_input/owner_payload/postimages/docs/gate3_outcome_feedback_contract_v01.md
5fe0e6852030c727538ae18823b375a92e2a10010e960e23ae75ef48189052f5	2770	644	RADIOLARIA_GATE3_G38_OWNER_LANDING_RETURN_20260922T144749Z/reviewed_input/owner_payload/postimages/fixtures/gate3_adversary_reference_v01.json
4d26d532d45148c712b5ced0067186cbf073d174f77dd13ec26806c2612c3ea5	4739	644	RADIOLARIA_GATE3_G38_OWNER_LANDING_RETURN_20260922T144749Z/reviewed_input/owner_payload/postimages/fixtures/gate3_calibration_reference_v01.json
53039dcfb81fe8a6a075968552214c46eb1f28c6e7286ec6bdde87463a77dc1d	5261	644	RADIOLARIA_GATE3_G38_OWNER_LANDING_RETURN_20260922T144749Z/reviewed_input/owner_payload/postimages/fixtures/gate3_domain_cases_v01.json
5969760cfafce0db57d5f11b296bd88d4beaedfbc2652e0ec5e23eed1af20d84	33398	644	RADIOLARIA_GATE3_G38_OWNER_LANDING_RETURN_20260922T144749Z/reviewed_input/owner_payload/postimages/fixtures/gate3_g31_predecessor_v01.patch.gz
3f7ea835627456a3d0d467552ba546a6bf508d14ae479c8f4bb1d7c597953ef4	95355	644	RADIOLARIA_GATE3_G38_OWNER_LANDING_RETURN_20260922T144749Z/reviewed_input/owner_payload/postimages/fixtures/gate3_g32_predecessor_v01.patch.gz
d59897845d2167d273aa87f59bfa560f0e197cf7d69276e0fdda319e5c320d5c	225435	644	RADIOLARIA_GATE3_G38_OWNER_LANDING_RETURN_20260922T144749Z/reviewed_input/owner_payload/postimages/fixtures/gate3_g33r_predecessor_v01.patch.gz
b735220c1b35d84a90fe6a40b1796af8723e17853656413fb9b9c90cea3113b8	514708	644	RADIOLARIA_GATE3_G38_OWNER_LANDING_RETURN_20260922T144749Z/reviewed_input/owner_payload/postimages/fixtures/gate3_g34r2_predecessor_v01.patch.gz
0d6a750a55a5672794bb7aac71463ff4626f3a80a2f4298a9c1497caccb953c2	1121978	644	RADIOLARIA_GATE3_G38_OWNER_LANDING_RETURN_20260922T144749Z/reviewed_input/owner_payload/postimages/fixtures/gate3_g35r_predecessor_v01.patch.gz
1bed519b08f0a5a79f46f35ea1f463331ee00522f83800cf396d88d7b6bcd4be	3392	644	RADIOLARIA_GATE3_G38_OWNER_LANDING_RETURN_20260922T144749Z/reviewed_input/owner_payload/postimages/fixtures/gate3_history_reference_v01.json
e2dfbae20579653282f5a4178e7a55f4f8784b67eaa954eb5eacef95ce57a9da	38820	644	RADIOLARIA_GATE3_G38_OWNER_LANDING_RETURN_20260922T144749Z/reviewed_input/owner_payload/postimages/fixtures/gate3_reference_v01.json
f998d80d07ee2ea218a96bd009ed2a119d4233caa0a1c402003b29959bbf7507	1290	644	RADIOLARIA_GATE3_G38_OWNER_LANDING_RETURN_20260922T144749Z/reviewed_input/owner_payload/postimages/fixtures/gate3_sentinel_observation_v01.json
fda3fa3dd7ffc5fbbe87ed7e424699d765e1a37058c805cff19761b984734575	14151	644	RADIOLARIA_GATE3_G38_OWNER_LANDING_RETURN_20260922T144749Z/reviewed_input/owner_payload/postimages/hedgehog/domains/airline/outcome_feedback_adapter_v01.py
a46a0e422a36d65673df229116d2137c14efd7cf7c90552c703b55ec00e77099	4453	644	RADIOLARIA_GATE3_G38_OWNER_LANDING_RETURN_20260922T144749Z/reviewed_input/owner_payload/postimages/hedgehog/domains/ephemeral_workspace/outcome_feedback_adapter_v01.py
5c1f36976661ae83b49086aad35652761bd550aab51cd8a4e1287af5d6e04003	57487	644	RADIOLARIA_GATE3_G38_OWNER_LANDING_RETURN_20260922T144749Z/reviewed_input/owner_payload/postimages/hedgehog/domains/landslide_sentinel/monitoring_runtime_v01.py
886199bd3ca337463027490fa8d126bc08af12e2144b9d57d52d4f11449ca8b4	38463	644	RADIOLARIA_GATE3_G38_OWNER_LANDING_RETURN_20260922T144749Z/reviewed_input/owner_payload/postimages/hedgehog/domains/landslide_sentinel/outcome_feedback_adapter_v01.py
683260a8c524f451c061e6da5207fa1196f41b1a0398167c15fa7a1b9c3b8bc6	65393	644	RADIOLARIA_GATE3_G38_OWNER_LANDING_RETURN_20260922T144749Z/reviewed_input/owner_payload/postimages/hedgehog/domains/supplier_water_filter/adversarial_feedback_v01.py
4ce5ccbbbe8c0235533885326c9dc1cf092201ddff228fe8e0bcc80d5eca87bc	22566	644	RADIOLARIA_GATE3_G38_OWNER_LANDING_RETURN_20260922T144749Z/reviewed_input/owner_payload/postimages/hedgehog/domains/supplier_water_filter/gate3_runtime_v01.py
e64d0e5b20eb576b8edfe60ff25ab8ee720011b9da61a69d2bb117a246f1aca2	4909	644	RADIOLARIA_GATE3_G38_OWNER_LANDING_RETURN_20260922T144749Z/reviewed_input/owner_payload/postimages/hedgehog/domains/supplier_water_filter/outcome_feedback_adapter_v01.py
ed0bf73b38cd3bd9ff51eeb38c342451e1c8b9c1c20ba31a5085a1245a18fbc2	10502	644	RADIOLARIA_GATE3_G38_OWNER_LANDING_RETURN_20260922T144749Z/reviewed_input/owner_payload/postimages/hedgehog/domains/testflix/outcome_feedback_adapter_v01.py
ef6bb77e245aea411cd0f400496a25c9f1002007b8021c15232b3229ffc856f8	26640	644	RADIOLARIA_GATE3_G38_OWNER_LANDING_RETURN_20260922T144749Z/reviewed_input/owner_payload/postimages/hedgehog/gate3_mechanism_v01.py
6cb61b29d37d4591d2da8dc10d7182d7a6c61010080415d58848a215718f6e2f	76437	644	RADIOLARIA_GATE3_G38_OWNER_LANDING_RETURN_20260922T144749Z/reviewed_input/owner_payload/postimages/hedgehog/kernel/conformance_v01.py
1f068c0d1156a312f36a7e55b7cbaf0e3e84503168b3305e10420bd8e3d3cbf0	89168	644	RADIOLARIA_GATE3_G38_OWNER_LANDING_RETURN_20260922T144749Z/reviewed_input/owner_payload/postimages/hedgehog/kernel/work_composition_v01.py
ce4a29c7dfe0f536b53fce8435ac584509681bf1cef4511d46ac0bfd48e05079	57704	644	RADIOLARIA_GATE3_G38_OWNER_LANDING_RETURN_20260922T144749Z/reviewed_input/owner_payload/postimages/hedgehog/outcome_calibration_v01.py
19eab88fc949ccd10db1143c408224d48a82161527292b7b1283456fd0bd4938	29609	644	RADIOLARIA_GATE3_G38_OWNER_LANDING_RETURN_20260922T144749Z/reviewed_input/owner_payload/postimages/hedgehog/outcome_feedback_consumer_v01.py
aee1d5ed5649fcd877443dbca1a05f2bed38d1c2619cc84f31a1d8d99fb772b6	57644	644	RADIOLARIA_GATE3_G38_OWNER_LANDING_RETURN_20260922T144749Z/reviewed_input/owner_payload/postimages/hedgehog/outcome_feedback_history_v01.py
aa382adb332e5925a0f94b228417768fef03382e420d13441c34b9ffb71df385	6105	644	RADIOLARIA_GATE3_G38_OWNER_LANDING_RETURN_20260922T144749Z/reviewed_input/owner_payload/postimages/hedgehog/outcome_feedback_report_v01.py
16331fc98dc00f0d1e3bc1fff9ac65d15e555c0db1d7a3f2262a92d8acfd5a13	65821	644	RADIOLARIA_GATE3_G38_OWNER_LANDING_RETURN_20260922T144749Z/reviewed_input/owner_payload/postimages/hedgehog/outcome_feedback_v01.py
a5500c8763edb31b3edf01353e461295754af4651afa7792f642b172d6ca0bd0	31585	644	RADIOLARIA_GATE3_G38_OWNER_LANDING_RETURN_20260922T144749Z/reviewed_input/owner_payload/postimages/release/completion_manifest.json
14f4525f4adaf4ca3b2765f8461bc90efc478445301c481d1389c4af40940805	13233	644	RADIOLARIA_GATE3_G38_OWNER_LANDING_RETURN_20260922T144749Z/reviewed_input/owner_payload/postimages/release/current_limitations.md
7094cc2438599ce3ae450acca4876e177df736893caf9ffba1ebcaf8480cf451	4801	644	RADIOLARIA_GATE3_G38_OWNER_LANDING_RETURN_20260922T144749Z/reviewed_input/owner_payload/postimages/release/current_schema_surface_v01.json
dc0c1c29aa78eb153a17ac9fd3cc8a304f77819c5e1832b25ce007cde950bab6	159393	644	RADIOLARIA_GATE3_G38_OWNER_LANDING_RETURN_20260922T144749Z/reviewed_input/owner_payload/postimages/release/current_status_overlay_v01.json
0db7692fd5d22d206afe3750c9940807b2e3b6947cd4d4b7dafa0afd98b3bb7d	16544	644	RADIOLARIA_GATE3_G38_OWNER_LANDING_RETURN_20260922T144749Z/reviewed_input/owner_payload/postimages/release/integration_seam_index.json
fda81d632c4c39c5727e3bcf53fcc1834008b58f53f40397f5cf5abe61e805c6	7985	644	RADIOLARIA_GATE3_G38_OWNER_LANDING_RETURN_20260922T144749Z/reviewed_input/owner_payload/postimages/release/integration_seam_index.md
eda89e0a2ba92ea6c066737af2c9d5fef4aca2cb35a2735bc0884754a18d9e60	125157	644	RADIOLARIA_GATE3_G38_OWNER_LANDING_RETURN_20260922T144749Z/reviewed_input/owner_payload/postimages/release/successor_context_manifest_v01.json
dee9e823eec92579ae5a9a26943eb6fb3265657cb9314f8fee780783e50b24b6	8515	644	RADIOLARIA_GATE3_G38_OWNER_LANDING_RETURN_20260922T144749Z/reviewed_input/owner_payload/postimages/schemas/gate3_adversary_v01.schema.json
cb92d9429dd96efbda062dbe9507df18453402e481a8135c87841f9ac9fd6668	31692	644	RADIOLARIA_GATE3_G38_OWNER_LANDING_RETURN_20260922T144749Z/reviewed_input/owner_payload/postimages/schemas/outcome_feedback_g34_predictive_v01.schema.json
9272dd580aa7514a4e807aaec28abfccf415d250159d4648d8329cfee2375e1b	357296	644	RADIOLARIA_GATE3_G38_OWNER_LANDING_RETURN_20260922T144749Z/reviewed_input/owner_payload/postimages/schemas/outcome_feedback_g35_sources_v01.schema.json
e89426aabdc36f62997a15b26e04fe6a1e07e046dcf609977a221ba337bcf26e	32082	644	RADIOLARIA_GATE3_G38_OWNER_LANDING_RETURN_20260922T144749Z/reviewed_input/owner_payload/postimages/schemas/outcome_feedback_v01.schema.json
2f6440c4d1fa15d8ab39a19dd551b156e57213688db27e2c0e08acc14a41d9e6	32396	644	RADIOLARIA_GATE3_G38_OWNER_LANDING_RETURN_20260922T144749Z/reviewed_input/owner_payload/postimages/specs/current_architecture_lock_v01.md
a1e33d238bdcd16cf2057f2281ba9c356e69be6a5c87df3abc7a21485ce7c071	115438	644	RADIOLARIA_GATE3_G38_OWNER_LANDING_RETURN_20260922T144749Z/reviewed_input/owner_payload/postimages/specs/document_authority_index_v01.json
6eae55852d4cc0368dc639ca72fef9e355e16bc44cab531e4b7c32389ce9bcf7	421228	644	RADIOLARIA_GATE3_G38_OWNER_LANDING_RETURN_20260922T144749Z/reviewed_input/owner_payload/postimages/tests/test_active_architecture_authority_v01.py
59fd0205053bb55f2431ad79efa26442f3f0a315f4250b58ba6c0d9b12c5b4d5	23043	644	RADIOLARIA_GATE3_G38_OWNER_LANDING_RETURN_20260922T144749Z/reviewed_input/owner_payload/postimages/tests/test_gate3_adversary_v01.py
ce98b57c28ef3ff02616743e1876dd17e2520b9eb1dc66e50bc2df4bb46d1126	17807	644	RADIOLARIA_GATE3_G38_OWNER_LANDING_RETURN_20260922T144749Z/reviewed_input/owner_payload/postimages/tests/test_gate3_calibration_v01.py
377f44a67f7934cd5fc545029c576764eecacf98706afc7ee6410a83169e5385	45615	644	RADIOLARIA_GATE3_G38_OWNER_LANDING_RETURN_20260922T144749Z/reviewed_input/owner_payload/postimages/tests/test_gate3_current_advisory_v01.py
63f5557395bb3b0c755ddac1e28e1d3b514f33af1e51b4b71db297fdccd46f9b	3081	644	RADIOLARIA_GATE3_G38_OWNER_LANDING_RETURN_20260922T144749Z/reviewed_input/owner_payload/postimages/tests/test_gate3_mechanism_registration_v01.py
401bbee00d6eeda7e935182d14e5ec6b3e4db7657ec96855249b2a88cab3ef83	18154	644	RADIOLARIA_GATE3_G38_OWNER_LANDING_RETURN_20260922T144749Z/reviewed_input/owner_payload/postimages/tests/test_gate3_sentinel_observation_v01.py
994f031849106a88ae6e1d65d95ddf391992b419f87aa9bebdd2797f35354a7a	44656	644	RADIOLARIA_GATE3_G38_OWNER_LANDING_RETURN_20260922T144749Z/reviewed_input/owner_payload/postimages/tests/test_outcome_calibration_v01.py
3f2a0a5633dda5db89ff283a7a33686d366c1b558f3c62ff92e4be25afd792ca	8473	644	RADIOLARIA_GATE3_G38_OWNER_LANDING_RETURN_20260922T144749Z/reviewed_input/owner_payload/postimages/tests/test_outcome_feedback_history_v01.py
7d5218ad85fd8e709bff09a927257dbda5934587446bc26288e73400a776347e	16003	644	RADIOLARIA_GATE3_G38_OWNER_LANDING_RETURN_20260922T144749Z/reviewed_input/owner_payload/postimages/tests/test_outcome_feedback_v01.py
ba22f1fbee83e60f7f5e57abb1c738bbf001fe20dc8d6002aae199e9723d949b	219276	644	RADIOLARIA_GATE3_G38_OWNER_LANDING_RETURN_20260922T144749Z/reviewed_input/owner_payload/postimages/tests/test_repository_release_spine_v01.py
aa83388fd756a34442e836a0830226fd44fc38362561c40a6d222ad3a6de87bc	131755	644	RADIOLARIA_GATE3_G38_OWNER_LANDING_RETURN_20260922T144749Z/reviewed_input/owner_payload/postimages/tests/test_work_composition_v01.py
c209e73eeff51bf59513966c28eceba2b5f55312a4ecbcee1890705c50e1f86d	849733	644	RADIOLARIA_GATE3_G38_OWNER_LANDING_RETURN_20260922T144749Z/reviewed_input/owner_payload/postimages/tools/check_active_architecture_authority_v01.py
