M	AGENTS.md
A	demo/gate3_scenario_packs_v01.py
A	demo/run_gate3_calibration_v01.py
M	demo/run_kernel_conformance_v01.py
M	demo/run_living_gauntlet_v01.py
A	docs/gate3_outcome_feedback_checkpoint_v01.md
A	docs/gate3_outcome_feedback_contract_v01.md
A	fixtures/gate3_adversary_reference_v01.json
A	fixtures/gate3_calibration_reference_v01.json
A	fixtures/gate3_domain_cases_v01.json
A	fixtures/gate3_g31_predecessor_v01.patch.gz
A	fixtures/gate3_g32_predecessor_v01.patch.gz
A	fixtures/gate3_g33r_predecessor_v01.patch.gz
A	fixtures/gate3_g34r2_predecessor_v01.patch.gz
A	fixtures/gate3_g35r_predecessor_v01.patch.gz
A	fixtures/gate3_history_reference_v01.json
A	fixtures/gate3_reference_v01.json
A	fixtures/gate3_sentinel_observation_v01.json
A	hedgehog/domains/airline/outcome_feedback_adapter_v01.py
A	hedgehog/domains/ephemeral_workspace/outcome_feedback_adapter_v01.py
M	hedgehog/domains/landslide_sentinel/monitoring_runtime_v01.py
A	hedgehog/domains/landslide_sentinel/outcome_feedback_adapter_v01.py
A	hedgehog/domains/supplier_water_filter/adversarial_feedback_v01.py
A	hedgehog/domains/supplier_water_filter/gate3_runtime_v01.py
A	hedgehog/domains/supplier_water_filter/outcome_feedback_adapter_v01.py
A	hedgehog/domains/testflix/outcome_feedback_adapter_v01.py
A	hedgehog/gate3_mechanism_v01.py
M	hedgehog/kernel/conformance_v01.py
M	hedgehog/kernel/work_composition_v01.py
A	hedgehog/outcome_calibration_v01.py
A	hedgehog/outcome_feedback_consumer_v01.py
A	hedgehog/outcome_feedback_history_v01.py
A	hedgehog/outcome_feedback_report_v01.py
A	hedgehog/outcome_feedback_v01.py
M	release/completion_manifest.json
M	release/current_limitations.md
M	release/current_schema_surface_v01.json
M	release/current_status_overlay_v01.json
M	release/integration_seam_index.json
M	release/integration_seam_index.md
M	release/successor_context_manifest_v01.json
A	schemas/gate3_adversary_v01.schema.json
A	schemas/outcome_feedback_g34_predictive_v01.schema.json
A	schemas/outcome_feedback_g35_sources_v01.schema.json
A	schemas/outcome_feedback_v01.schema.json
M	specs/current_architecture_lock_v01.md
M	specs/document_authority_index_v01.json
M	tests/test_active_architecture_authority_v01.py
A	tests/test_gate3_adversary_v01.py
A	tests/test_gate3_calibration_v01.py
A	tests/test_gate3_current_advisory_v01.py
A	tests/test_gate3_mechanism_registration_v01.py
A	tests/test_gate3_sentinel_observation_v01.py
A	tests/test_outcome_calibration_v01.py
A	tests/test_outcome_feedback_history_v01.py
A	tests/test_outcome_feedback_v01.py
M	tests/test_repository_release_spine_v01.py
M	tests/test_work_composition_v01.py
M	tools/check_active_architecture_authority_v01.py
